member,magnitude(kg/m)
1,3333.33333333
2,3333.33333333
4,3333.33333333
5,3333.33333333