element,magnitude(kg/m)
0,3333.33333333
1,3333.33333333