member,magnitude(kg/m)
3,3333.33333333
4,3333.33333333
5,3333.33333333
9,3333.33333333
10,3333.33333333
11,3333.33333333