member,magnitude(kg/m)
4,3333.33333333
5,3333.33333333
6,3333.33333333
7,3333.33333333