num,x,y
0,0,0
1,2,0
2,4,0
3,6,0
4,0,2
5,2.333333,2
6,4.666666,2
7,7,2
8,0,4
9,2.666666,4
10,5.333333,4
11,8,4
12,0,6
13,3,6
14,6,6
15,9,6
